{
    "2": {
        "count": 53,
        "avg_dist": 54.8338848493528,
        "value": 9.665556278860945
    },
    "3": {
        "count": 17,
        "avg_dist": 41.871709718745954,
        "value": 4.060020504104017
    },
    "0": {
        "count": 16,
        "avg_dist": 85.53437829315976,
        "value": 1.870592891335662
    },
    "-1": {
        "count": 3,
        "avg_dist": 55.89339458477493,
        "value": 0.5367360530321384
    },
    "1": {
        "count": 4,
        "avg_dist": 82.68335760153948,
        "value": 0.48377329078439885
    }
}